Báo CáoQuảng cáo Tìm Kiếm Sản Phẩm - Shopee Việt Nam,,,,,,,,,,,,,,,,,,,,,,,
Tên đăng nhập:,tovasa_store,,,,,,,,,,,,,,,,,,,,,,
Thời gian tạo báo cáo:,01/06/2022 22:40,,,,,,,,,,,,,,,,,,,,,,
Khoảng thời gian,01/06/2022 - 01/06/2022,,,,,,,,,,,,,,,,,,,,,,
Sản phẩm,Giày cao cổ bé trai bé gái bốt đẹp cho bé KIKNE JDA151,,,,,,,,,,,,,,,,,,,,,,
Trạng thái:,Đang chạy,,,,,,,,,,,,,,,,,,,,,,
Mã Người bán,"145598609	",,,,,,,,,,,,,,,,,,,,,,
Mã sản phẩm,"8780736071	",,,,,,,,,,,,,,,,,,,,,,
,,,,,,,,,,,,,,,,,,,,,,,
Thứ tự,Từ khóa,Trạng thái,Loại từ khóa,Lệnh tìm kiếm,Số lượt xem,Số lượt click,Tỷ Lệ Click,Lượt chuyển đổi,Lượt chuyển đổi trực tiếp,Tỷ lệ chuyển đổi,Tỷ lệ chuyển đổi trực tiếp,Chi phí cho mỗi lượt chuyển đổi,Chi phí cho mỗi lượt chuyển đổi trực tiếp,Sản phẩm đã bán,Sản phẩm đã bán trực tiếp,GMV,GMV trực tiếp,Chi phí,Thứ hạng trung bình,Doanh Thu/Chi Phí,ROI trực tiếp,CIR,CIR trực tiếp
"1	",Chọn Thủ Công,-,-,-,1263,65,5.15%,0,0,0.00%,0.00%,0,0,0,0,0,0,49987,1819.253652,0,0,0.00%,0.00%
"2	",giày xinh cho bé,thông thường,Từ khóa mở rộng,giày cho bé gái 6 tuổi,1,0,0.00%,0,0,0.00%,0.00%,0,0,0,0,0,0,0,4,0,0,0.00%,0.00%
"3	",giày cao cổ bé gái,thông thường,Từ khóa mở rộng,order giày,1,0,0.00%,0,0,0.00%,0.00%,0,0,0,0,0,0,0,1,0,0,0.00%,0.00%
"4	",giày cao cổ cho bé,thông thường,Từ khóa mở rộng,giày cho bé trai,6,1,16.67%,0,0,0.00%,0.00%,0,0,0,0,0,0,858,1.166666667,0,0,0.00%,0.00%
"5	",giày jordan cho bé trai,thông thường,Từ khóa mở rộng,giày nike cổ cao,1,1,100.00%,0,0,0.00%,0.00%,0,0,0,0,0,0,936,4,0,0,0.00%,0.00%
"6	",giày thể thao cho bé trai 5 tuổi,thông thường,Từ khóa mở rộng,Giày thể thao bé,3,0,0.00%,0,0,0.00%,0.00%,0,0,0,0,0,0,0,2.666666667,0,0,0.00%,0.00%
"7	",giày cao cổ cho bé,thông thường,Từ khóa mở rộng,giày bún cổ cao,1,0,0.00%,0,0,0.00%,0.00%,0,0,0,0,0,0,0,1,0,0,0.00%,0.00%
"8	",giày cao cổ cho bé,thông thường,Từ khóa mở rộng,giày bánh xe,2,0,0.00%,0,0,0.00%,0.00%,0,0,0,0,0,0,0,3,0,0,0.00%,0.00%
"9	",giày cho bé trai,thông thường,Từ khóa mở rộng,giay da be trai,4,0,0.00%,0,0,0.00%,0.00%,0,0,0,0,0,0,0,2.25,0,0,0.00%,0.00%
"10	",giày cao cổ cho bé,thông thường,Từ khóa mở rộng,Giày Jodan Cổ Cao,1,0,0.00%,0,0,0.00%,0.00%,0,0,0,0,0,0,0,5,0,0,0.00%,0.00%
"11	",giày cho bé trai,thông thường,Từ khóa mở rộng,Giày da bé trai,1,0,0.00%,0,0,0.00%,0.00%,0,0,0,0,0,0,0,12,0,0,0.00%,0.00%
"12	",giày cho bé trai,thông thường,Từ khóa mở rộng,Dép bé trai,16,0,0.00%,0,0,0.00%,0.00%,0,0,0,0,0,0,0,23.25,0,0,0.00%,0.00%
"13	",giày cao cổ cho bé,thông thường,Từ khóa mở rộng,dép có gót cho bé,1,0,0.00%,0,0,0.00%,0.00%,0,0,0,0,0,0,0,2,0,0,0.00%,0.00%
"14	",giày cho bé trai,thông thường,Từ khóa mở rộng,giày cho bé trai 5 tuổi,1,0,0.00%,0,0,0.00%,0.00%,0,0,0,0,0,0,0,2,0,0,0.00%,0.00%
"15	",giày cao cổ bé gái,thông thường,Từ khóa chính xác,giầy cao cổ bé gái,8,4,50.00%,0,0,0.00%,0.00%,0,0,0,0,0,0,1219,0,0,0,0.00%,0.00%
"16	",giầy cho bé gái,thông thường,Từ khóa chính xác,giày cho be gái,7,0,0.00%,0,0,0.00%,0.00%,0,0,0,0,0,0,0,1.428571429,0,0,0.00%,0.00%
"17	",giày cho bé trai,thông thường,Từ khóa mở rộng,Dép cho bé trai,1,0,0.00%,0,0,0.00%,0.00%,0,0,0,0,0,0,0,75,0,0,0.00%,0.00%
"18	",giày xinh cho bé,thông thường,Từ khóa mở rộng,giày ống cho bé gái,1,0,0.00%,0,0,0.00%,0.00%,0,0,0,0,0,0,0,1,0,0,0.00%,0.00%
"19	",giày cho bé trai,thông thường,Từ khóa mở rộng,Giaỳ trắng bé trai,1,0,0.00%,0,0,0.00%,0.00%,0,0,0,0,0,0,0,2,0,0,0.00%,0.00%
"20	",giày thể thao bé gái,thông thường,Từ khóa chính xác,giày thể thao bé gái,75,3,4.00%,0,0,0.00%,0.00%,0,0,0,0,0,0,2730,2.266666667,0,0,0.00%,0.00%
"21	",giày cho bé trai,thông thường,Từ khóa mở rộng,giày vai bé trai,1,0,0.00%,0,0,0.00%,0.00%,0,0,0,0,0,0,0,5,0,0,0.00%,0.00%
"22	",giày cho bé trai,thông thường,Từ khóa mở rộng,giày bé trai 7 tuổi,1,0,0.00%,0,0,0.00%,0.00%,0,0,0,0,0,0,0,15,0,0,0.00%,0.00%
"23	",giày cho bé trai,thông thường,Từ khóa mở rộng,đôi giày cho bé trai,1,0,0.00%,0,0,0.00%,0.00%,0,0,0,0,0,0,0,3,0,0,0.00%,0.00%
"24	",giày cho bé trai,thông thường,Từ khóa mở rộng,dép bé trai bé trai 5 14 tuổi,2,0,0.00%,0,0,0.00%,0.00%,0,0,0,0,0,0,0,6.5,0,0,0.00%,0.00%
"25	",giầy thể thao trẻ em,thông thường,Từ khóa chính xác,giày thể thao tre em,1,0,0.00%,0,0,0.00%,0.00%,0,0,0,0,0,0,0,4,0,0,0.00%,0.00%
"26	",giày cao cổ cho bé,thông thường,Từ khóa mở rộng,giấy cho bé trai,1,0,0.00%,0,0,0.00%,0.00%,0,0,0,0,0,0,0,2,0,0,0.00%,0.00%
"27	",giày cao cổ cho bé,thông thường,Từ khóa mở rộng,giày mùa hè cho bé gái,1,0,0.00%,0,0,0.00%,0.00%,0,0,0,0,0,0,0,23,0,0,0.00%,0.00%
"28	",giầy cho bé gái,thông thường,Từ khóa chính xác,Giày cho bé gâi,3,1,33.33%,0,0,0.00%,0.00%,0,0,0,0,0,0,718,1,0,0,0.00%,0.00%
"29	",giầy cho bé gái,thông thường,Từ khóa chính xác,Giầy cho bé gái,4,0,0.00%,0,0,0.00%,0.00%,0,0,0,0,0,0,0,1.75,0,0,0.00%,0.00%
"30	",giầy cho bé trai,thông thường,Từ khóa mở rộng,dép bé trai,2,0,0.00%,0,0,0.00%,0.00%,0,0,0,0,0,0,0,20,0,0,0.00%,0.00%
"31	",giày cao cổ cho bé,thông thường,Từ khóa mở rộng,Giày bot,1,0,0.00%,0,0,0.00%,0.00%,0,0,0,0,0,0,0,5,0,0,0.00%,0.00%
"32	",giầy cho bé trai,thông thường,Từ khóa mở rộng,giày cho bé trai 2tuoi,1,0,0.00%,0,0,0.00%,0.00%,0,0,0,0,0,0,0,10,0,0,0.00%,0.00%
"33	",giày jordan trẻ em,thông thường,Từ khóa mở rộng,Giay bata,1,0,0.00%,0,0,0.00%,0.00%,0,0,0,0,0,0,0,10,0,0,0.00%,0.00%
"34	",giày bé trai,thông thường,Từ khóa chính xác,giày be trai,2,0,0.00%,0,0,0.00%,0.00%,0,0,0,0,0,0,0,12,0,0,0.00%,0.00%
"35	",giày cao cổ cho bé,thông thường,Từ khóa mở rộng,giầy cho bé trai,17,2,11.76%,0,0,0.00%,0.00%,0,0,0,0,0,0,1942,1.117647059,0,0,0.00%,0.00%
"36	",giày cao cổ cho bé,thông thường,Từ khóa mở rộng,Giày boot cho nữ,1,0,0.00%,0,0,0.00%,0.00%,0,0,0,0,0,0,0,18,0,0,0.00%,0.00%
"37	",giày xinh cho bé,thông thường,Từ khóa mở rộng,giày bé gái 3 tuổi,1,0,0.00%,0,0,0.00%,0.00%,0,0,0,0,0,0,0,59,0,0,0.00%,0.00%
"38	",giày cho bé trai,thông thường,Từ khóa mở rộng,giày new balance bé trai,1,0,0.00%,0,0,0.00%,0.00%,0,0,0,0,0,0,0,3,0,0,0.00%,0.00%
"39	",giày cao cổ cho bé,thông thường,Từ khóa mở rộng,giày new,1,0,0.00%,0,0,0.00%,0.00%,0,0,0,0,0,0,0,3,0,0,0.00%,0.00%
"40	",giày xinh cho bé,thông thường,Từ khóa mở rộng,giày vải cho bé sơ sinh,1,0,0.00%,0,0,0.00%,0.00%,0,0,0,0,0,0,0,13,0,0,0.00%,0.00%
"41	",giày cao cổ bé gái,thông thường,Từ khóa mở rộng,giày cao cổ bé gái buộc dây,1,0,0.00%,0,0,0.00%,0.00%,0,0,0,0,0,0,0,0,0,0,0.00%,0.00%
"42	",giày thể thao cho bé gái 10 tuổi,thông thường,Từ khóa mở rộng,sneaker bé gái,1,0,0.00%,0,0,0.00%,0.00%,0,0,0,0,0,0,0,17,0,0,0.00%,0.00%
"43	",giày cho bé trai,thông thường,Từ khóa mở rộng,Giầy nữ trẻ em,1,0,0.00%,0,0,0.00%,0.00%,0,0,0,0,0,0,0,3,0,0,0.00%,0.00%
"44	",giày xinh cho bé,thông thường,Từ khóa mở rộng,giày size 40,3,0,0.00%,0,0,0.00%,0.00%,0,0,0,0,0,0,0,1.666666667,0,0,0.00%,0.00%
"45	",giày xinh cho bé,thông thường,Từ khóa mở rộng,Giày bata bé gái,6,1,16.67%,0,0,0.00%,0.00%,0,0,0,0,0,0,727,1.166666667,0,0,0.00%,0.00%
"46	",giày cao cổ cho bé,thông thường,Từ khóa mở rộng,giay cho bé trai,0,1,0.00%,0,0,0.00%,0.00%,0,0,0,0,0,0,488,1,0,0,0.00%,0.00%
"47	",giày thể thao cho bé trai 5 tuổi,thông thường,Từ khóa mở rộng,Giầy thể thao,1,0,0.00%,0,0,0.00%,0.00%,0,0,0,0,0,0,0,3,0,0,0.00%,0.00%
"48	",giày cao cổ bé gái,thông thường,Từ khóa mở rộng,giày lười bé gái,3,0,0.00%,0,0,0.00%,0.00%,0,0,0,0,0,0,0,19,0,0,0.00%,0.00%
"49	",giày xinh cho bé,thông thường,Từ khóa mở rộng,Giay bé gái 8 tuổi,1,0,0.00%,0,0,0.00%,0.00%,0,0,0,0,0,0,0,6,0,0,0.00%,0.00%
"50	",giầy cho bé gái,thông thường,Từ khóa chính xác,Giày cho bé gai,2,1,50.00%,0,0,0.00%,0.00%,0,0,0,0,0,0,709,3,0,0,0.00%,0.00%
"51	",giày jordan cho bé trai,thông thường,Từ khóa mở rộng,giày nike bé trai,1,0,0.00%,0,0,0.00%,0.00%,0,0,0,0,0,0,0,1,0,0,0.00%,0.00%
"52	",giày cho bé trai,thông thường,Từ khóa mở rộng,dép bé trai bé trai,1,0,0.00%,0,0,0.00%,0.00%,0,0,0,0,0,0,0,2,0,0,0.00%,0.00%
"53	",giày thể thao cho bé trai,thông thường,Từ khóa chính xác,giày thể thao cho be trai,5,0,0.00%,0,0,0.00%,0.00%,0,0,0,0,0,0,0,2.4,0,0,0.00%,0.00%
"54	",giày cho bé trai,thông thường,Từ khóa mở rộng,giay bun cho bé trai,2,0,0.00%,0,0,0.00%,0.00%,0,0,0,0,0,0,0,7.5,0,0,0.00%,0.00%
"55	",giày jordan trẻ em,thông thường,Từ khóa mở rộng,giày bata,4,0,0.00%,0,0,0.00%,0.00%,0,0,0,0,0,0,0,3.25,0,0,0.00%,0.00%
"56	",giày xinh cho bé,thông thường,Từ khóa mở rộng,giày bé gái 7 tuổi,3,0,0.00%,0,0,0.00%,0.00%,0,0,0,0,0,0,0,2,0,0,0.00%,0.00%
"57	",giày thể thao cho bé trai 5 tuổi,thông thường,Từ khóa mở rộng,giày thể thao,3,0,0.00%,0,0,0.00%,0.00%,0,0,0,0,0,0,0,2.333333333,0,0,0.00%,0.00%
"58	",giày cho bé trai,thông thường,Từ khóa mở rộng,giày tập đi bé trai,1,0,0.00%,0,0,0.00%,0.00%,0,0,0,0,0,0,0,22,0,0,0.00%,0.00%
"59	",giày cho bé trai,thông thường,Từ khóa mở rộng,giầy nhựa đi mưa trẻ em,3,0,0.00%,0,0,0.00%,0.00%,0,0,0,0,0,0,0,4,0,0,0.00%,0.00%
"60	",giày cho bé trai,thông thường,Từ khóa mở rộng,giày đi biển cho bé,1,0,0.00%,0,0,0.00%,0.00%,0,0,0,0,0,0,0,4,0,0,0.00%,0.00%
"61	",giầy cho bé gái,thông thường,Từ khóa chính xác,Giày cho bé gái,72,4,5.56%,0,0,0.00%,0.00%,0,0,0,0,0,0,3070,1.125,0,0,0.00%,0.00%
"62	",giày cho bé trai,thông thường,Từ khóa mở rộng,giày bata cho trẻ em 10 tuổi,1,0,0.00%,0,0,0.00%,0.00%,0,0,0,0,0,0,0,1,0,0,0.00%,0.00%
"63	",giày xinh cho bé,thông thường,Từ khóa mở rộng,giày cho bé 9 tháng,1,0,0.00%,0,0,0.00%,0.00%,0,0,0,0,0,0,0,2,0,0,0.00%,0.00%
"64	",giày bé trai,thông thường,Từ khóa chính xác,Giấy bé trai,2,0,0.00%,0,0,0.00%,0.00%,0,0,0,0,0,0,0,30.5,0,0,0.00%,0.00%
"65	",giày sneaker cho bé,thông thường,Từ khóa chính xác,giầy sneaker cho bé,1,0,0.00%,0,0,0.00%,0.00%,0,0,0,0,0,0,0,3,0,0,0.00%,0.00%
"66	",giày cao cổ cho bé,thông thường,Từ khóa mở rộng,giày jodan cổ cao,1,0,0.00%,0,0,0.00%,0.00%,0,0,0,0,0,0,0,32,0,0,0.00%,0.00%
"67	",giầy thể thao trẻ em,thông thường,Từ khóa chính xác,giày thể thao trẻ em,12,0,0.00%,0,0,0.00%,0.00%,0,0,0,0,0,0,0,7.833333333,0,0,0.00%,0.00%
"68	",giày cao cổ cho bé,thông thường,Từ khóa mở rộng,giày bot,1,0,0.00%,0,0,0.00%,0.00%,0,0,0,0,0,0,0,4,0,0,0.00%,0.00%
"69	",giày xinh cho bé,thông thường,Từ khóa mở rộng,12 giày,1,0,0.00%,0,0,0.00%,0.00%,0,0,0,0,0,0,0,2,0,0,0.00%,0.00%
"70	",giày xinh cho bé,thông thường,Từ khóa mở rộng,Giầy 3 sọc cho bé,2,1,50.00%,0,0,0.00%,0.00%,0,0,0,0,0,0,1142,0,0,0,0.00%,0.00%
"71	",giày cho bé trai,thông thường,Từ khóa mở rộng,Giày thoáng chân bé trai,1,0,0.00%,0,0,0.00%,0.00%,0,0,0,0,0,0,0,1,0,0,0.00%,0.00%
"72	",giày thể thao bé gái 3 tuổi,thông thường,Từ khóa chính xác,giày thể thao bé gái 3 tuổi,3,0,0.00%,0,0,0.00%,0.00%,0,0,0,0,0,0,0,0.666666667,0,0,0.00%,0.00%
"73	",giày cao cổ bé gái,thông thường,Từ khóa mở rộng,Giày lười bé gái,2,0,0.00%,0,0,0.00%,0.00%,0,0,0,0,0,0,0,18.5,0,0,0.00%,0.00%
"74	",giày thể thao cho bé trai 5 tuổi,thông thường,Từ khóa mở rộng,giấy thể thao cho bé gái 10 tuổi,1,0,0.00%,0,0,0.00%,0.00%,0,0,0,0,0,0,0,1,0,0,0.00%,0.00%
"75	",giày thể thao bé gái,thông thường,Từ khóa chính xác,Giày Thể Thao Bé Gái,3,0,0.00%,0,0,0.00%,0.00%,0,0,0,0,0,0,0,5,0,0,0.00%,0.00%
"76	",giày xinh cho bé,thông thường,Từ khóa mở rộng,giày cho bé gái 3 tuổi,3,0,0.00%,0,0,0.00%,0.00%,0,0,0,0,0,0,0,5.333333333,0,0,0.00%,0.00%
"77	",giày xinh cho bé,thông thường,Từ khóa mở rộng,Giày đi hè cho bé gái,2,1,50.00%,0,0,0.00%,0.00%,0,0,0,0,0,0,1086,3,0,0,0.00%,0.00%
"78	",giày cho bé trai,thông thường,Từ khóa mở rộng,giày set,1,0,0.00%,0,0,0.00%,0.00%,0,0,0,0,0,0,0,1,0,0,0.00%,0.00%
"79	",giày xinh cho bé,thông thường,Từ khóa mở rộng,giay hm bé gái,1,0,0.00%,0,0,0.00%,0.00%,0,0,0,0,0,0,0,5,0,0,0.00%,0.00%
"80	",giày cho bé trai,thông thường,Từ khóa mở rộng,giày cho,1,0,0.00%,0,0,0.00%,0.00%,0,0,0,0,0,0,0,4,0,0,0.00%,0.00%
"81	",giày cho bé trai,thông thường,Từ khóa mở rộng,giày cho bé trai sơ sinh 0 12 tháng,2,0,0.00%,0,0,0.00%,0.00%,0,0,0,0,0,0,0,3,0,0,0.00%,0.00%
"82	",giày cho bé trai,thông thường,Từ khóa mở rộng,giày bé trai zara,1,0,0.00%,0,0,0.00%,0.00%,0,0,0,0,0,0,0,4,0,0,0.00%,0.00%
"83	",giày cao cổ cho bé,thông thường,Từ khóa mở rộng,Giày hè,3,0,0.00%,0,0,0.00%,0.00%,0,0,0,0,0,0,0,2,0,0,0.00%,0.00%
"84	",giày jordan cho bé trai,thông thường,Từ khóa mở rộng,Giày nike cổ cao,1,0,0.00%,0,0,0.00%,0.00%,0,0,0,0,0,0,0,29,0,0,0.00%,0.00%
"85	",giày xinh cho bé,thông thường,Từ khóa mở rộng,giày bata bé gái,2,0,0.00%,0,0,0.00%,0.00%,0,0,0,0,0,0,0,0.5,0,0,0.00%,0.00%
"86	",giày cao cổ cho bé,thông thường,Từ khóa mở rộng,giày cho be trai,4,0,0.00%,0,0,0.00%,0.00%,0,0,0,0,0,0,0,0.5,0,0,0.00%,0.00%
"87	",giày xinh cho bé,thông thường,Từ khóa mở rộng,giày bé gái 2 tuổi,2,0,0.00%,0,0,0.00%,0.00%,0,0,0,0,0,0,0,17,0,0,0.00%,0.00%
"88	",giày thể thao bé gái,thông thường,Từ khóa chính xác,giày thể thao be gái,7,0,0.00%,0,0,0.00%,0.00%,0,0,0,0,0,0,0,1.857142857,0,0,0.00%,0.00%
"89	",giày xinh cho bé,thông thường,Từ khóa mở rộng,Giàu,5,0,0.00%,0,0,0.00%,0.00%,0,0,0,0,0,0,0,4.4,0,0,0.00%,0.00%
"90	",giày xinh cho bé,thông thường,Từ khóa mở rộng,giày bé gái 1 tuổi,6,1,16.67%,0,0,0.00%,0.00%,0,0,0,0,0,0,1159,11,0,0,0.00%,0.00%
"91	",giày jordan cho bé trai,thông thường,Từ khóa mở rộng,giày nike cho bé trai,1,0,0.00%,0,0,0.00%,0.00%,0,0,0,0,0,0,0,0,0,0,0.00%,0.00%
"92	",giày cho bé trai,thông thường,Từ khóa mở rộng,giày nữ trẻ em,2,0,0.00%,0,0,0.00%,0.00%,0,0,0,0,0,0,0,2,0,0,0.00%,0.00%
"93	",giày cao cổ cho bé,thông thường,Từ khóa mở rộng,Giày boot,2,0,0.00%,0,0,0.00%,0.00%,0,0,0,0,0,0,0,28,0,0,0.00%,0.00%
"94	",giày thể thao cho bé trai 5 tuổi,thông thường,Từ khóa mở rộng,Giáy cho bé trai thể thao,2,0,0.00%,0,0,0.00%,0.00%,0,0,0,0,0,0,0,3,0,0,0.00%,0.00%
"95	",giày cao cổ cho bé,thông thường,Từ khóa mở rộng,giày boot cổ cao,2,0,0.00%,0,0,0.00%,0.00%,0,0,0,0,0,0,0,3,0,0,0.00%,0.00%
"96	",giày thể thao cho bé trai 5 tuổi,thông thường,Từ khóa mở rộng,giày thể thao cho bé gái 10 tuổi,6,1,16.67%,0,0,0.00%,0.00%,0,0,0,0,0,0,424,1.5,0,0,0.00%,0.00%
"97	",giày cao cổ cho bé,thông thường,Từ khóa mở rộng,Giây cho be trai,1,0,0.00%,0,0,0.00%,0.00%,0,0,0,0,0,0,0,0,0,0,0.00%,0.00%
"98	",giày cao cổ cho bé,thông thường,Từ khóa mở rộng,Bốt,2,1,50.00%,0,0,0.00%,0.00%,0,0,0,0,0,0,984,51,0,0,0.00%,0.00%
"99	",giày cho bé trai,thông thường,Từ khóa mở rộng,giày cho bé trai 4 tuổi,3,0,0.00%,0,0,0.00%,0.00%,0,0,0,0,0,0,0,3,0,0,0.00%,0.00%
"100	",giày cho bé trai,thông thường,Từ khóa mở rộng,giày bé trai 3 tuổi,6,0,0.00%,0,0,0.00%,0.00%,0,0,0,0,0,0,0,11.83333333,0,0,0.00%,0.00%
"101	",giày thể thao cho bé trai 5 tuổi,thông thường,Từ khóa mở rộng,giày  thể thao,1,0,0.00%,0,0,0.00%,0.00%,0,0,0,0,0,0,0,13,0,0,0.00%,0.00%
"102	",giày cho bé trai,thông thường,Từ khóa mở rộng,giày em bé trai,1,0,0.00%,0,0,0.00%,0.00%,0,0,0,0,0,0,0,2,0,0,0.00%,0.00%
"103	",giày xinh cho bé,thông thường,Từ khóa mở rộng,Giày be gái,1,0,0.00%,0,0,0.00%,0.00%,0,0,0,0,0,0,0,15,0,0,0.00%,0.00%
"104	",giày cho bé trai,thông thường,Từ khóa mở rộng,Giày cho người già,1,0,0.00%,0,0,0.00%,0.00%,0,0,0,0,0,0,0,0,0,0,0.00%,0.00%
"105	",giày xinh cho bé,thông thường,Từ khóa mở rộng,Shop giày,2,0,0.00%,0,0,0.00%,0.00%,0,0,0,0,0,0,0,0.5,0,0,0.00%,0.00%
"106	",giày cho bé trai,thông thường,Từ khóa mở rộng,giày cho bé trai,4,0,0.00%,0,0,0.00%,0.00%,0,0,0,0,0,0,0,1.25,0,0,0.00%,0.00%
"107	",giày cho bé trai,thông thường,Từ khóa mở rộng,giày trắng bé trai,1,0,0.00%,0,0,0.00%,0.00%,0,0,0,0,0,0,0,7,0,0,0.00%,0.00%
"108	",giày sneaker cho bé,thông thường,Từ khóa chính xác,giày sneaker cho bé,6,0,0.00%,0,0,0.00%,0.00%,0,0,0,0,0,0,0,3.166666667,0,0,0.00%,0.00%
"109	",giày jordan trẻ em,thông thường,Từ khóa mở rộng,Giày bata,10,0,0.00%,0,0,0.00%,0.00%,0,0,0,0,0,0,0,3.8,0,0,0.00%,0.00%
"110	",giày xinh cho bé,thông thường,Từ khóa mở rộng,giày smile,1,0,0.00%,0,0,0.00%,0.00%,0,0,0,0,0,0,0,0,0,0,0.00%,0.00%
"111	",giày thể thao cho bé trai,thông thường,Từ khóa chính xác,giày thể thao cho bé trai,21,3,14.29%,0,0,0.00%,0.00%,0,0,0,0,0,0,2535,2.095238095,0,0,0.00%,0.00%
"112	",giày cho bé trai,thông thường,Từ khóa mở rộng,giày bata cho bé trai,1,0,0.00%,0,0,0.00%,0.00%,0,0,0,0,0,0,0,0,0,0,0.00%,0.00%
"113	",giày cho bé trai,thông thường,Từ khóa mở rộng,giày cho bà già,1,0,0.00%,0,0,0.00%,0.00%,0,0,0,0,0,0,0,4,0,0,0.00%,0.00%
"114	",giày cho bé trai,thông thường,Từ khóa mở rộng,Giày cho bé trai,4,0,0.00%,0,0,0.00%,0.00%,0,0,0,0,0,0,0,1.5,0,0,0.00%,0.00%
"115	",giày cao cổ cho bé,thông thường,Từ khóa mở rộng,Bốt cổ cao,4,0,0.00%,0,0,0.00%,0.00%,0,0,0,0,0,0,0,3,0,0,0.00%,0.00%
"116	",giày cao cổ cho bé,thông thường,Từ khóa mở rộng,boot cổ cao,6,0,0.00%,0,0,0.00%,0.00%,0,0,0,0,0,0,0,2.666666667,0,0,0.00%,0.00%
"117	",giày xinh cho bé,thông thường,Từ khóa mở rộng,giày cổ trang,1,0,0.00%,0,0,0.00%,0.00%,0,0,0,0,0,0,0,4,0,0,0.00%,0.00%
"118	",giày xinh cho bé,thông thường,Từ khóa mở rộng,giày N,1,0,0.00%,0,0,0.00%,0.00%,0,0,0,0,0,0,0,4,0,0,0.00%,0.00%
"119	",giày xinh cho bé,thông thường,Từ khóa mở rộng,giày 550,1,0,0.00%,0,0,0.00%,0.00%,0,0,0,0,0,0,0,1,0,0,0.00%,0.00%
"120	",giày thể thao cho bé trai 5 tuổi,thông thường,Từ khóa mở rộng,giày thể thao cho bé trai 10 tuổi,1,0,0.00%,0,0,0.00%,0.00%,0,0,0,0,0,0,0,5,0,0,0.00%,0.00%
"121	",giày cao cổ bé gái,thông thường,Từ khóa mở rộng,giày thể thao cổ cao cho bé gái,1,0,0.00%,0,0,0.00%,0.00%,0,0,0,0,0,0,0,1,0,0,0.00%,0.00%
"122	",giầy cho bé gái,thông thường,Từ khóa chính xác,giày cho bé gái,225,8,3.56%,0,0,0.00%,0.00%,0,0,0,0,0,0,5125,1.248888889,0,0,0.00%,0.00%
"123	",giày thể thao bé gái,thông thường,Từ khóa chính xác,giày thế thao bé gái,1,0,0.00%,0,0,0.00%,0.00%,0,0,0,0,0,0,0,1,0,0,0.00%,0.00%
"124	",giày thể thao cho bé trai 5 tuổi,thông thường,Từ khóa mở rộng,giầy thể thao bé,1,0,0.00%,0,0,0.00%,0.00%,0,0,0,0,0,0,0,3,0,0,0.00%,0.00%
"125	",giày thể thao cho bé trai 5 tuổi,thông thường,Từ khóa mở rộng,Giày thể thao,10,0,0.00%,0,0,0.00%,0.00%,0,0,0,0,0,0,0,6.1,0,0,0.00%,0.00%
"126	",giày cho bé trai,thông thường,Từ khóa mở rộng,giày cho bé trai 6 tháng,1,0,0.00%,0,0,0.00%,0.00%,0,0,0,0,0,0,0,4,0,0,0.00%,0.00%
"127	",giày cho bé trai,thông thường,Từ khóa mở rộng,tông bé trai,1,0,0.00%,0,0,0.00%,0.00%,0,0,0,0,0,0,0,2,0,0,0.00%,0.00%
"128	",giày xinh cho bé,thông thường,Từ khóa mở rộng,giày cho bé gái 7 tuổi,1,0,0.00%,0,0,0.00%,0.00%,0,0,0,0,0,0,0,3,0,0,0.00%,0.00%
"129	",giày cao cổ cho bé,thông thường,Từ khóa mở rộng,Giày cho be trai,4,0,0.00%,0,0,0.00%,0.00%,0,0,0,0,0,0,0,0.25,0,0,0.00%,0.00%
"130	",giày thể thao cho bé gái 10 tuổi,thông thường,Từ khóa mở rộng,giày sneaker bé gái,1,1,100.00%,0,0,0.00%,0.00%,0,0,0,0,0,0,478,1,0,0,0.00%,0.00%
"131	",giày cho bé trai,thông thường,Từ khóa mở rộng,dép bé,3,0,0.00%,0,0,0.00%,0.00%,0,0,0,0,0,0,0,12.33333333,0,0,0.00%,0.00%
"132	",giày thể thao cho bé trai,thông thường,Từ khóa chính xác,Giày Thể Thao Cho Bé Trai,1,0,0.00%,0,0,0.00%,0.00%,0,0,0,0,0,0,0,0,0,0,0.00%,0.00%
"133	",giày thể thao cho bé gái 10 tuổi,thông thường,Từ khóa mở rộng,giày thể thao mẹ và bé,1,0,0.00%,0,0,0.00%,0.00%,0,0,0,0,0,0,0,16,0,0,0.00%,0.00%
"134	",giày xinh cho bé,thông thường,Từ khóa mở rộng,Giày n,2,0,0.00%,0,0,0.00%,0.00%,0,0,0,0,0,0,0,5,0,0,0.00%,0.00%
"135	",giày cho bé trai,thông thường,Từ khóa mở rộng,giày nhựa trẻ em,1,0,0.00%,0,0,0.00%,0.00%,0,0,0,0,0,0,0,6,0,0,0.00%,0.00%
"136	",giày cao cổ bé gái,thông thường,Từ khóa chính xác,Giày cao cổ bé gái,1,0,0.00%,0,0,0.00%,0.00%,0,0,0,0,0,0,0,1,0,0,0.00%,0.00%
"137	",giày jordan trẻ em,thông thường,Từ khóa mở rộng,giày  bata,1,0,0.00%,0,0,0.00%,0.00%,0,0,0,0,0,0,0,7,0,0,0.00%,0.00%
"138	",giày cho bé trai,thông thường,Từ khóa mở rộng,giầy lười bé trai mùa hè,1,0,0.00%,0,0,0.00%,0.00%,0,0,0,0,0,0,0,1,0,0,0.00%,0.00%
"139	",giày cho bé trai,thông thường,Từ khóa mở rộng,giày cho bé trai 4 tháng,2,0,0.00%,0,0,0.00%,0.00%,0,0,0,0,0,0,0,2,0,0,0.00%,0.00%
"140	",giày cho bé trai,thông thường,Từ khóa mở rộng,sandal bé trai,1,0,0.00%,0,0,0.00%,0.00%,0,0,0,0,0,0,0,54,0,0,0.00%,0.00%
"141	",giày cao cổ cho bé,thông thường,Từ khóa mở rộng,Giầy cho bé trai,4,1,25.00%,0,0,0.00%,0.00%,0,0,0,0,0,0,708,0.75,0,0,0.00%,0.00%
"142	",giày cao cổ bé gái,thông thường,Từ khóa mở rộng,giầy hè bé gái,1,0,0.00%,0,0,0.00%,0.00%,0,0,0,0,0,0,0,11,0,0,0.00%,0.00%
"143	",giày cao cổ cho bé,thông thường,Từ khóa mở rộng,Giáy cho bé trai,1,0,0.00%,0,0,0.00%,0.00%,0,0,0,0,0,0,0,0,0,0,0.00%,0.00%
"144	",giày xinh cho bé,thông thường,Từ khóa mở rộng,Giày size 40,1,0,0.00%,0,0,0.00%,0.00%,0,0,0,0,0,0,0,0,0,0,0.00%,0.00%
"145	",giày cho bé trai,thông thường,Từ khóa mở rộng,giày,1,0,0.00%,0,0,0.00%,0.00%,0,0,0,0,0,0,0,1,0,0,0.00%,0.00%
"146	",giày thể thao cho bé trai,thông thường,Từ khóa chính xác,giầy thể thao cho bé trai,1,0,0.00%,0,0,0.00%,0.00%,0,0,0,0,0,0,0,0,0,0,0.00%,0.00%
"147	",giày cao cổ cho bé,thông thường,Từ khóa mở rộng,Giày boot cổ cao,2,0,0.00%,0,0,0.00%,0.00%,0,0,0,0,0,0,0,2,0,0,0.00%,0.00%
"148	",giày cao cổ cho bé,thông thường,Từ khóa mở rộng,giày cho bé trai,140,10,7.14%,0,0,0.00%,0.00%,0,0,0,0,0,0,8391,1.807142857,0,0,0.00%,0.00%
"149	",giày xinh cho bé,thông thường,Từ khóa mở rộng,giày trẻ em gái,4,0,0.00%,0,0,0.00%,0.00%,0,0,0,0,0,0,0,4,0,0,0.00%,0.00%
"150	",giày cao cổ cho bé,thông thường,Từ khóa mở rộng,giày cổ cao bé trai,1,0,0.00%,0,0,0.00%,0.00%,0,0,0,0,0,0,0,0,0,0,0.00%,0.00%
"151	",giày cho bé trai,thông thường,Từ khóa mở rộng,Giay cho be trai 6 thang,1,0,0.00%,0,0,0.00%,0.00%,0,0,0,0,0,0,0,3,0,0,0.00%,0.00%
"152	",giày cho bé trai,thông thường,Từ khóa mở rộng,giày mickey cho bé,2,0,0.00%,0,0,0.00%,0.00%,0,0,0,0,0,0,0,1,0,0,0.00%,0.00%
"153	",giày cao cổ cho bé,thông thường,Từ khóa mở rộng,Giày cho be trái,1,0,0.00%,0,0,0.00%,0.00%,0,0,0,0,0,0,0,2,0,0,0.00%,0.00%
"154	",giày cao cổ cho bé,thông thường,Từ khóa mở rộng,Giầy cho be trai,1,0,0.00%,0,0,0.00%,0.00%,0,0,0,0,0,0,0,0,0,0,0.00%,0.00%
"155	",giày xinh cho bé,thông thường,Từ khóa mở rộng,Giày và túi,1,0,0.00%,0,0,0.00%,0.00%,0,0,0,0,0,0,0,0,0,0,0.00%,0.00%
"156	",giày cho bé trai,thông thường,Từ khóa mở rộng,giày em bé trai,2,2,100.00%,0,0,0.00%,0.00%,0,0,0,0,0,0,1540,1.5,0,0,0.00%,0.00%
"157	",,,Từ khóa chính xác,,0,0,0.00%,0,0,0.00%,0.00%,0,0,0,0,0,0,0,1,0,0,0.00%,0.00%
"158	",giày cao cổ cho bé,thông thường,Từ khóa mở rộng,Giày có đèn,1,0,0.00%,0,0,0.00%,0.00%,0,0,0,0,0,0,0,8,0,0,0.00%,0.00%
"159	",giày thể thao cho bé trai 5 tuổi,thông thường,Từ khóa mở rộng,Giày thể thao trắng bé trai,1,0,0.00%,0,0,0.00%,0.00%,0,0,0,0,0,0,0,2,0,0,0.00%,0.00%
"160	",giầy cho bé gái,thông thường,Từ khóa chính xác,giầy cho bé gái,34,1,2.94%,0,0,0.00%,0.00%,0,0,0,0,0,0,793,0.970588235,0,0,0.00%,0.00%
"161	",giày cho bé trai,thông thường,Từ khóa mở rộng,Giày for love,2,0,0.00%,0,0,0.00%,0.00%,0,0,0,0,0,0,0,0.5,0,0,0.00%,0.00%
"162	",giày cho bé trai,thông thường,Từ khóa mở rộng,Giày cho mèo,2,0,0.00%,0,0,0.00%,0.00%,0,0,0,0,0,0,0,1,0,0,0.00%,0.00%
"163	",giày thể thao cho bé trai 5 tuổi,thông thường,Từ khóa mở rộng,Giày thể thao cho bé gái,3,0,0.00%,0,0,0.00%,0.00%,0,0,0,0,0,0,0,7.666666667,0,0,0.00%,0.00%
"164	",giày bé trai,thông thường,Từ khóa chính xác,Giày bé trai,3,0,0.00%,0,0,0.00%,0.00%,0,0,0,0,0,0,0,37,0,0,0.00%,0.00%
"165	",giày thể thao cho bé trai 5 tuổi,thông thường,Từ khóa mở rộng,giày thể thao cho bé trai 1 tuổi,3,0,0.00%,0,0,0.00%,0.00%,0,0,0,0,0,0,0,6,0,0,0.00%,0.00%
"166	",giày cao cổ cho bé,thông thường,Từ khóa mở rộng,Giày boot cho bé gái,2,1,50.00%,0,0,0.00%,0.00%,0,0,0,0,0,0,984,1,0,0,0.00%,0.00%
"167	",giày xinh cho bé,thông thường,Từ khóa mở rộng,Giày panda,1,0,0.00%,0,0,0.00%,0.00%,0,0,0,0,0,0,0,0,0,0,0.00%,0.00%
"168	",giày thể thao cho bé trai 5 tuổi,thông thường,Từ khóa mở rộng,giay the thao,1,0,0.00%,0,0,0.00%,0.00%,0,0,0,0,0,0,0,5,0,0,0.00%,0.00%
"169	",giầy thể thao trẻ em,thông thường,Từ khóa chính xác,Giày thể thao trẻ em,3,0,0.00%,0,0,0.00%,0.00%,0,0,0,0,0,0,0,3.666666667,0,0,0.00%,0.00%
"170	",giày cao cổ cho bé,thông thường,Từ khóa mở rộng,giày cho be trai,1,0,0.00%,0,0,0.00%,0.00%,0,0,0,0,0,0,0,4,0,0,0.00%,0.00%
"171	",giày thể thao cho bé trai 5 tuổi,thông thường,Từ khóa mở rộng,giày thể thao cho bé gái 2 tuổi,3,0,0.00%,0,0,0.00%,0.00%,0,0,0,0,0,0,0,7.333333333,0,0,0.00%,0.00%
"172	",giày cho bé trai,thông thường,Từ khóa mở rộng,giày trẻ em nữ,1,0,0.00%,0,0,0.00%,0.00%,0,0,0,0,0,0,0,17,0,0,0.00%,0.00%
"173	",giày xinh cho bé,thông thường,Từ khóa mở rộng,giay be gai 1 tuoi,1,0,0.00%,0,0,0.00%,0.00%,0,0,0,0,0,0,0,12,0,0,0.00%,0.00%
"174	",giày xinh cho bé,thông thường,Từ khóa mở rộng,giày bé gái 2 tuoi,1,0,0.00%,0,0,0.00%,0.00%,0,0,0,0,0,0,0,6,0,0,0.00%,0.00%
"175	",giày cho bé trai,thông thường,Từ khóa mở rộng,dép next bé trai,2,0,0.00%,0,0,0.00%,0.00%,0,0,0,0,0,0,0,9.5,0,0,0.00%,0.00%
"176	",giày cho bé trai,thông thường,Từ khóa mở rộng,dép bé trai,9,0,0.00%,0,0,0.00%,0.00%,0,0,0,0,0,0,0,20.88888889,0,0,0.00%,0.00%
"177	",giày thể thao bé gái,thông thường,Từ khóa chính xác,Giầy thể thao bé gái,7,0,0.00%,0,0,0.00%,0.00%,0,0,0,0,0,0,0,3.142857143,0,0,0.00%,0.00%
"178	",giày cho bé trai,thông thường,Từ khóa mở rộng,giày trẻ em 10 tuổi,1,0,0.00%,0,0,0.00%,0.00%,0,0,0,0,0,0,0,5,0,0,0.00%,0.00%
"179	",giày xinh cho bé,thông thường,Từ khóa mở rộng,giày búp bê bé gái,3,0,0.00%,0,0,0.00%,0.00%,0,0,0,0,0,0,0,2.666666667,0,0,0.00%,0.00%
"180	",giày thể thao cho bé trai 5 tuổi,thông thường,Từ khóa mở rộng,giày thể thao cho bé gái,5,0,0.00%,0,0,0.00%,0.00%,0,0,0,0,0,0,0,1.6,0,0,0.00%,0.00%
"181	",giày thể thao cho bé trai,thông thường,Từ khóa chính xác,Giày thể thao cho bé trai,8,0,0.00%,0,0,0.00%,0.00%,0,0,0,0,0,0,0,2,0,0,0.00%,0.00%
"182	",giày xinh cho bé,thông thường,Từ khóa mở rộng,giày bé gái 10 tuổi,1,0,0.00%,0,0,0.00%,0.00%,0,0,0,0,0,0,0,2,0,0,0.00%,0.00%
"183	",giày cao cổ cho bé,thông thường,Từ khóa mở rộng,Giày có quai ngang,1,0,0.00%,0,0,0.00%,0.00%,0,0,0,0,0,0,0,0,0,0,0.00%,0.00%
"184	",giày cho bé trai,thông thường,Từ khóa mở rộng,giày hm bé trai,2,0,0.00%,0,0,0.00%,0.00%,0,0,0,0,0,0,0,15.5,0,0,0.00%,0.00%
"185	",giầy cho bé gái,thông thường,Từ khóa chính xác,giay cho bé gái,6,1,16.67%,0,0,0.00%,0.00%,0,0,0,0,0,0,761,1,0,0,0.00%,0.00%
"186	",giày cao cổ bé gái,thông thường,Từ khóa chính xác,giày cao cổ bé gái,1,0,0.00%,0,0,0.00%,0.00%,0,0,0,0,0,0,0,1,0,0,0.00%,0.00%
"187	",giày cao cổ cho bé,thông thường,Từ khóa mở rộng,Giày bot cổ cao cho bé trai,1,0,0.00%,0,0,0.00%,0.00%,0,0,0,0,0,0,0,0,0,0,0.00%,0.00%
"188	",giày cho bé trai,thông thường,Từ khóa mở rộng,Giày mọi bé trai,1,0,0.00%,0,0,0.00%,0.00%,0,0,0,0,0,0,0,18,0,0,0.00%,0.00%
"189	",giày jordan trẻ em,thông thường,Từ khóa mở rộng,giày hồng,1,0,0.00%,0,0,0.00%,0.00%,0,0,0,0,0,0,0,6,0,0,0.00%,0.00%
"190	",giày thể thao cho bé gái 10 tuổi,thông thường,Từ khóa mở rộng,Giày thể thao trẻ em,2,0,0.00%,0,0,0.00%,0.00%,0,0,0,0,0,0,0,2,0,0,0.00%,0.00%
"191	",giày xinh cho bé,thông thường,Từ khóa mở rộng,Giày màu đỏ cho bé,2,0,0.00%,0,0,0.00%,0.00%,0,0,0,0,0,0,0,2,0,0,0.00%,0.00%
"192	",giày xinh cho bé,thông thường,Từ khóa mở rộng,giày be gái,3,0,0.00%,0,0,0.00%,0.00%,0,0,0,0,0,0,0,1.333333333,0,0,0.00%,0.00%
"193	",giày cho bé trai,thông thường,Từ khóa mở rộng,giày lười bé trai,2,0,0.00%,0,0,0.00%,0.00%,0,0,0,0,0,0,0,2.5,0,0,0.00%,0.00%
"194	",giày bé trai,thông thường,Từ khóa chính xác,giày bé trai,1,0,0.00%,0,0,0.00%,0.00%,0,0,0,0,0,0,0,30,0,0,0.00%,0.00%
"195	",giày cho bé trai,thông thường,Từ khóa mở rộng,giày bé trai 4 tuổi,1,0,0.00%,0,0,0.00%,0.00%,0,0,0,0,0,0,0,13,0,0,0.00%,0.00%
"196	",giày cao cổ cho bé,thông thường,Từ khóa mở rộng,Boots cổ cao,1,0,0.00%,0,0,0.00%,0.00%,0,0,0,0,0,0,0,2,0,0,0.00%,0.00%
"197	",giày sneaker cho bé,thông thường,Từ khóa chính xác,Giày sneaker cho bé,4,0,0.00%,0,0,0.00%,0.00%,0,0,0,0,0,0,0,3.75,0,0,0.00%,0.00%
"198	",giày xinh cho bé,thông thường,Từ khóa mở rộng,giày cho bé 12 tháng,3,0,0.00%,0,0,0.00%,0.00%,0,0,0,0,0,0,0,7.333333333,0,0,0.00%,0.00%
"199	",giày cho bé trai,thông thường,Từ khóa mở rộng,Giầy das bé trai,1,0,0.00%,0,0,0.00%,0.00%,0,0,0,0,0,0,0,5,0,0,0.00%,0.00%
"200	",giày cao cổ cho bé,thông thường,Từ khóa mở rộng,Giày cổ,3,0,0.00%,0,0,0.00%,0.00%,0,0,0,0,0,0,0,3,0,0,0.00%,0.00%
"201	",giày thể thao bé gái,thông thường,Từ khóa chính xác,Giày thể thao bé gái,38,2,5.26%,0,0,0.00%,0.00%,0,0,0,0,0,0,1937,2.842105263,0,0,0.00%,0.00%
"202	",giày jordan cho bé trai,thông thường,Từ khóa mở rộng,giày jordan cổ cao cho bé,1,0,0.00%,0,0,0.00%,0.00%,0,0,0,0,0,0,0,2,0,0,0.00%,0.00%
"203	",giày xinh cho bé,thông thường,Từ khóa mở rộng,giày n,1,0,0.00%,0,0,0.00%,0.00%,0,0,0,0,0,0,0,1,0,0,0.00%,0.00%
"204	",giày xinh cho bé,thông thường,Từ khóa mở rộng,giày 550,1,0,0.00%,0,0,0.00%,0.00%,0,0,0,0,0,0,0,0,0,0,0.00%,0.00%
"205	",giày cao cổ cho bé,thông thường,Từ khóa mở rộng,Giay cho be trai,10,1,10.00%,0,0,0.00%,0.00%,0,0,0,0,0,0,961,2.5,0,0,0.00%,0.00%
"206	",giày xinh cho bé,thông thường,Từ khóa mở rộng,Giày cho cún,2,0,0.00%,0,0,0.00%,0.00%,0,0,0,0,0,0,0,0,0,0,0.00%,0.00%
"207	",giày cho bé trai,thông thường,Từ khóa mở rộng,Dép bé,8,1,12.50%,0,0,0.00%,0.00%,0,0,0,0,0,0,900,10,0,0,0.00%,0.00%
"208	",giầy thể thao trẻ em,thông thường,Từ khóa chính xác,giày thê thao trẻ em,1,0,0.00%,0,0,0.00%,0.00%,0,0,0,0,0,0,0,4,0,0,0.00%,0.00%
"209	",giày thể thao cho bé trai 5 tuổi,thông thường,Từ khóa mở rộng,giày thể thao bé trai size đại,1,0,0.00%,0,0,0.00%,0.00%,0,0,0,0,0,0,0,24,0,0,0.00%,0.00%
"210	",giày cho bé trai,thông thường,Từ khóa mở rộng,giày adidas cho bé,2,0,0.00%,0,0,0.00%,0.00%,0,0,0,0,0,0,0,2,0,0,0.00%,0.00%
"211	",giầy cho bé gái,thông thường,Từ khóa chính xác,giầy cho be gái,5,1,20.00%,0,0,0.00%,0.00%,0,0,0,0,0,0,499,0.4,0,0,0.00%,0.00%
"212	",giày xinh cho bé,thông thường,Từ khóa mở rộng,Giày bé gai,1,0,0.00%,0,0,0.00%,0.00%,0,0,0,0,0,0,0,3,0,0,0.00%,0.00%
"213	",giày thể thao cho bé trai 5 tuổi,thông thường,Từ khóa mở rộng,giầy thể thao,6,0,0.00%,0,0,0.00%,0.00%,0,0,0,0,0,0,0,1.5,0,0,0.00%,0.00%
"214	",giày cho bé trai,thông thường,Từ khóa mở rộng,giày cho bé tập đi bé gái,2,0,0.00%,0,0,0.00%,0.00%,0,0,0,0,0,0,0,0,0,0,0.00%,0.00%
"215	",giày cho bé trai,thông thường,Từ khóa mở rộng,giày sơ sinh bé trai,1,0,0.00%,0,0,0.00%,0.00%,0,0,0,0,0,0,0,17,0,0,0.00%,0.00%
"216	",giày thể thao cho bé trai 5 tuổi,thông thường,Từ khóa mở rộng,bitis,1,0,0.00%,0,0,0.00%,0.00%,0,0,0,0,0,0,0,0,0,0,0.00%,0.00%
"217	",giầy cho bé gái,thông thường,Từ khóa chính xác,giày   cho bé gái,3,0,0.00%,0,0,0.00%,0.00%,0,0,0,0,0,0,0,0.333333333,0,0,0.00%,0.00%
"218	",giày cao cổ cho bé,thông thường,Từ khóa mở rộng,giày sneaker cổ cao,1,0,0.00%,0,0,0.00%,0.00%,0,0,0,0,0,0,0,15,0,0,0.00%,0.00%
"219	",giày cao cổ cho bé,thông thường,Từ khóa mở rộng,gìay cho bé trai,1,0,0.00%,0,0,0.00%,0.00%,0,0,0,0,0,0,0,4,0,0,0.00%,0.00%
"220	",giày cho bé trai,thông thường,Từ khóa mở rộng,giày trẻ em nữ,4,0,0.00%,0,0,0.00%,0.00%,0,0,0,0,0,0,0,3,0,0,0.00%,0.00%
"221	",giày cao cổ cho bé,thông thường,Từ khóa mở rộng,Giay cho bé trai,1,0,0.00%,0,0,0.00%,0.00%,0,0,0,0,0,0,0,2,0,0,0.00%,0.00%
"222	",giày cho bé trai,thông thường,Từ khóa mở rộng,giày tập đi cho bé,1,0,0.00%,0,0,0.00%,0.00%,0,0,0,0,0,0,0,69,0,0,0.00%,0.00%
"223	",giầy cho bé gái,thông thường,Từ khóa chính xác,giày cho bé gái,1,0,0.00%,0,0,0.00%,0.00%,0,0,0,0,0,0,0,0,0,0,0.00%,0.00%
"224	",giày cho bé trai,thông thường,Từ khóa mở rộng,giày cho bé trai có đèn,1,0,0.00%,0,0,0.00%,0.00%,0,0,0,0,0,0,0,3,0,0,0.00%,0.00%
"225	",giày xinh cho bé,thông thường,Từ khóa mở rộng,giay bata be gai,1,0,0.00%,0,0,0.00%,0.00%,0,0,0,0,0,0,0,0,0,0,0.00%,0.00%
"226	",giày cao cổ cho bé,thông thường,Từ khóa mở rộng,giày cao cổ bé trai,1,0,0.00%,0,0,0.00%,0.00%,0,0,0,0,0,0,0,3,0,0,0.00%,0.00%
"227	",giày xinh cho bé,thông thường,Từ khóa mở rộng,giầy bé gái 1 tuổi,1,0,0.00%,0,0,0.00%,0.00%,0,0,0,0,0,0,0,16,0,0,0.00%,0.00%
"228	",giày cho bé trai,thông thường,Từ khóa mở rộng,Giay nhua be gai,1,0,0.00%,0,0,0.00%,0.00%,0,0,0,0,0,0,0,14,0,0,0.00%,0.00%
"229	",giày cho bé trai,thông thường,Từ khóa mở rộng,Giầy tập đi mùa hè cho bé trai,1,0,0.00%,0,0,0.00%,0.00%,0,0,0,0,0,0,0,24,0,0,0.00%,0.00%
"230	",giày thể thao cho bé trai 5 tuổi,thông thường,Từ khóa mở rộng,Giày thể thao cho nam,1,0,0.00%,0,0,0.00%,0.00%,0,0,0,0,0,0,0,2,0,0,0.00%,0.00%
"231	",giày cao cổ bé gái,thông thường,Từ khóa mở rộng,giay co cao be trai,1,0,0.00%,0,0,0.00%,0.00%,0,0,0,0,0,0,0,2,0,0,0.00%,0.00%
"232	",giày cao cổ cho bé,thông thường,Từ khóa mở rộng,Giày cho bé trai,58,2,3.45%,0,0,0.00%,0.00%,0,0,0,0,0,0,1709,1.534482759,0,0,0.00%,0.00%
"233	",giày thể thao bé gái,thông thường,Từ khóa chính xác,Giày thể thao be gái,1,0,0.00%,0,0,0.00%,0.00%,0,0,0,0,0,0,0,3,0,0,0.00%,0.00%
"234	",giày thể thao cho bé trai 5 tuổi,thông thường,Từ khóa mở rộng,giày thể thao bé,2,0,0.00%,0,0,0.00%,0.00%,0,0,0,0,0,0,0,2.5,0,0,0.00%,0.00%
"235	",giày thể thao cho bé trai,thông thường,Từ khóa chính xác,giày thê thao cho bé trai,1,0,0.00%,0,0,0.00%,0.00%,0,0,0,0,0,0,0,2,0,0,0.00%,0.00%
"236	",giày cho bé trai,thông thường,Từ khóa mở rộng,giày thể thao bé trai 8 tuổi,1,0,0.00%,0,0,0.00%,0.00%,0,0,0,0,0,0,0,7,0,0,0.00%,0.00%
"237	",giày cho bé trai,thông thường,Từ khóa mở rộng,giày cho bé trai mua hè,1,0,0.00%,0,0,0.00%,0.00%,0,0,0,0,0,0,0,2,0,0,0.00%,0.00%
"238	",giày cho bé trai,thông thường,Từ khóa mở rộng,giày cho bé trai 1 tuổi,3,0,0.00%,0,0,0.00%,0.00%,0,0,0,0,0,0,0,19,0,0,0.00%,0.00%
"239	",giày cao cổ cho bé,thông thường,Từ khóa mở rộng,bốt cao cổ,2,0,0.00%,0,0,0.00%,0.00%,0,0,0,0,0,0,0,21.5,0,0,0.00%,0.00%
"240	",giày xinh cho bé,thông thường,Từ khóa mở rộng,Giày cho bé 7 tháng,2,0,0.00%,0,0,0.00%,0.00%,0,0,0,0,0,0,0,1,0,0,0.00%,0.00%
"241	",giày cho bé trai,thông thường,Từ khóa mở rộng,giầy cho bé trai 7 tuổi,1,0,0.00%,0,0,0.00%,0.00%,0,0,0,0,0,0,0,10,0,0,0.00%,0.00%
"242	",giày thể thao cho bé gái 10 tuổi,thông thường,Từ khóa mở rộng,Giày jodan cho bé gái,1,0,0.00%,0,0,0.00%,0.00%,0,0,0,0,0,0,0,16,0,0,0.00%,0.00%
"243	",giày cao cổ cho bé,thông thường,Từ khóa mở rộng,Boot cổ cao,3,0,0.00%,0,0,0.00%,0.00%,0,0,0,0,0,0,0,2,0,0,0.00%,0.00%
"244	",giày thể thao cho bé gái 10 tuổi,thông thường,Từ khóa mở rộng,Giày thể thao cho bé,4,0,0.00%,0,0,0.00%,0.00%,0,0,0,0,0,0,0,6.75,0,0,0.00%,0.00%
"245	",giày cho bé trai,thông thường,Từ khóa mở rộng,giày đi làm công sở,1,0,0.00%,0,0,0.00%,0.00%,0,0,0,0,0,0,0,3,0,0,0.00%,0.00%
"246	",giày cao cổ cho bé,thông thường,Từ khóa mở rộng,Giày bánh xe,1,0,0.00%,0,0,0.00%,0.00%,0,0,0,0,0,0,0,39,0,0,0.00%,0.00%
"247	",giày cho bé trai,thông thường,Từ khóa mở rộng,giầy trẻ em nữ,1,0,0.00%,0,0,0.00%,0.00%,0,0,0,0,0,0,0,5,0,0,0.00%,0.00%
"248	",giày cao cổ cho bé,thông thường,Từ khóa mở rộng,giay cho be trai,5,0,0.00%,0,0,0.00%,0.00%,0,0,0,0,0,0,0,0.8,0,0,0.00%,0.00%
"249	",giày jordan cho bé,thông thường,Từ khóa mở rộng,giày nike bé gái,1,0,0.00%,0,0,0.00%,0.00%,0,0,0,0,0,0,0,1,0,0,0.00%,0.00%
"250	",giày cho bé trai,thông thường,Từ khóa mở rộng,giày nữ trẻ em 10 tuổi,3,1,33.33%,0,0,0.00%,0.00%,0,0,0,0,0,0,850,2,0,0,0.00%,0.00%
"251	",giày cao cổ cho bé,thông thường,Từ khóa mở rộng,Giày boots cổ cao,1,0,0.00%,0,0,0.00%,0.00%,0,0,0,0,0,0,0,3,0,0,0.00%,0.00%
"252	",giày cho bé trai,thông thường,Từ khóa mở rộng,giày bata cho trẻ em,1,0,0.00%,0,0,0.00%,0.00%,0,0,0,0,0,0,0,1,0,0,0.00%,0.00%
"253	",giày cao cổ cho bé,thông thường,Từ khóa mở rộng,bốt cổ cao,2,0,0.00%,0,0,0.00%,0.00%,0,0,0,0,0,0,0,3.5,0,0,0.00%,0.00%
"254	",giày cho bé trai,thông thường,Từ khóa mở rộng,dép cho bé trai,3,0,0.00%,0,0,0.00%,0.00%,0,0,0,0,0,0,0,50,0,0,0.00%,0.00%
"255	",giày xinh cho bé,thông thường,Từ khóa mở rộng,Giày auth,3,0,0.00%,0,0,0.00%,0.00%,0,0,0,0,0,0,0,2,0,0,0.00%,0.00%
"256	",giày cho bé trai,thông thường,Từ khóa mở rộng,giày cho bé trai 2 tuổi,1,0,0.00%,0,0,0.00%,0.00%,0,0,0,0,0,0,0,16,0,0,0.00%,0.00%
"257	",giày thể thao cho bé trai 5 tuổi,thông thường,Từ khóa mở rộng,giày the thao,1,0,0.00%,0,0,0.00%,0.00%,0,0,0,0,0,0,0,1,0,0,0.00%,0.00%
"258	",giầy cho bé gái,thông thường,Từ khóa chính xác,Giảy cho bé gái,1,0,0.00%,0,0,0.00%,0.00%,0,0,0,0,0,0,0,1,0,0,0.00%,0.00%
"259	",giày thể thao cho bé gái 10 tuổi,thông thường,Từ khóa mở rộng,Giày thể thao trắng cho bé,1,0,0.00%,0,0,0.00%,0.00%,0,0,0,0,0,0,0,5,0,0,0.00%,0.00%
"260	",giày cho bé trai,thông thường,Từ khóa mở rộng,Giầy cho bé trai 11 tháng,1,0,0.00%,0,0,0.00%,0.00%,0,0,0,0,0,0,0,10,0,0,0.00%,0.00%
"261	",giày cho bé trai,thông thường,Từ khóa mở rộng,giày có đèn cho bé trai,1,0,0.00%,0,0,0.00%,0.00%,0,0,0,0,0,0,0,17,0,0,0.00%,0.00%
"262	",giày cho bé trai,thông thường,Từ khóa mở rộng,Giày cho bé trai 4 tháng,2,0,0.00%,0,0,0.00%,0.00%,0,0,0,0,0,0,0,3,0,0,0.00%,0.00%
"263	",giày xinh cho bé,thông thường,Từ khóa mở rộng,Dep cho bé gái,1,0,0.00%,0,0,0.00%,0.00%,0,0,0,0,0,0,0,6,0,0,0.00%,0.00%
"264	",giày cao cổ cho bé,thông thường,Từ khóa mở rộng,giày fix cho,1,0,0.00%,0,0,0.00%,0.00%,0,0,0,0,0,0,0,5,0,0,0.00%,0.00%
"265	",giày cho bé trai,thông thường,Từ khóa mở rộng,Giày cho bé trai 6 tháng,1,0,0.00%,0,0,0.00%,0.00%,0,0,0,0,0,0,0,5,0,0,0.00%,0.00%
"266	",giày cho bé trai,thông thường,Từ khóa mở rộng,giày for love,1,0,0.00%,0,0,0.00%,0.00%,0,0,0,0,0,0,0,0,0,0,0.00%,0.00%
"267	",giày cho bé trai,thông thường,Từ khóa mở rộng,Giay bitis,1,0,0.00%,0,0,0.00%,0.00%,0,0,0,0,0,0,0,8,0,0,0.00%,0.00%
"268	",giày thể thao cho bé gái 10 tuổi,thông thường,Từ khóa mở rộng,giày thể thao cho bé,2,0,0.00%,0,0,0.00%,0.00%,0,0,0,0,0,0,0,2.5,0,0,0.00%,0.00%
"269	",giày thể thao bé gái,thông thường,Từ khóa chính xác,giầy thể thao bé gái,17,3,17.65%,0,0,0.00%,0.00%,0,0,0,0,0,0,2640,3.411764706,0,0,0.00%,0.00%
"270	",giày cho bé trai,thông thường,Từ khóa mở rộng,dày bé trai,1,0,0.00%,0,0,0.00%,0.00%,0,0,0,0,0,0,0,3,0,0,0.00%,0.00%
"271	",giày cao cổ cho bé,thông thường,Từ khóa mở rộng,giấy cho be trai,5,2,40.00%,0,0,0.00%,0.00%,0,0,0,0,0,0,984,0.6,0,0,0.00%,0.00%
"272	",giày cao cổ cho bé,thông thường,Từ khóa mở rộng,giày bốt bé,1,0,0.00%,0,0,0.00%,0.00%,0,0,0,0,0,0,0,2,0,0,0.00%,0.00%
"273	",giày cho bé trai,thông thường,Từ khóa mở rộng,giay cho be trai so sinh,1,0,0.00%,0,0,0.00%,0.00%,0,0,0,0,0,0,0,20,0,0,0.00%,0.00%
"274	",giày xinh cho bé,thông thường,Từ khóa mở rộng,giày cho bé gái sơ sinh 0 12 tháng,1,0,0.00%,0,0,0.00%,0.00%,0,0,0,0,0,0,0,0,0,0,0.00%,0.00%
